timestamp	machine	total	used	free	shared	buffered	available
1685541870.4826524	fuzzbench1	193662092	180143752	760708	5577524	12757632	6497284
1685541870.9587502	fuzzbench2	193662088	180061436	1261588	4149288	12339064	7875164
1685541877.463184	fuzzbench3	193662088	177906036	1914004	7744468	13842048	6513724
1685541877.6796765	webster	394858320	144105192	76632184	4021828	174120944	244104000
1685541878.200765	fuzzbench5	193662092	94520100	10365272	3418740	88776720	94234428
1685541878.5557342	wood	394857996	374547020	2045828	4965548	18265148	12719724
1685541879.1029606	fuzzbench7	193662092	117933624	42918988	3789732	32809480	69687344
1685541880.1468956	fuzzbench8	193662088	170148680	2887448	4063740	20625960	17552688
1685541881.50089	fuzzbench9	193662092	172183680	1188192	12777132	20290220	6541472
1685541881.9768972	fuzzbench10	193662088	102229356	11879240	6067720	79553492	83216232
1685541882.539091	fuzzbench11	193662092	103134452	32051384	6084572	58476256	82549168
1685541905.3965425	fuzzbench1	193662092	180744808	851848	5577528	12065436	5879292
1685541905.9171002	fuzzbench2	193662088	180887740	747356	4155540	12026992	7174300
1685541912.8960161	fuzzbench3	193662088	177213184	2139952	7744044	14308952	7029092
1685541913.1178224	webster	394858320	143173580	77581040	4021832	174103700	245036120
1685541913.825863	fuzzbench5	193662092	94650620	9933764	3418748	89077708	94118000
1685541914.393356	wood	394857996	374757800	1646732	4965552	18453464	12499828
1685541914.9466593	fuzzbench7	193662092	118687452	42002400	3789740	32972240	68933836
1685541915.7329388	fuzzbench8	193662088	170000372	2266900	4063736	21394816	18131796
1685541920.3494434	fuzzbench9	193662092	172956660	1033784	12777132	19671648	6440532
1685541921.3379238	fuzzbench10	193662088	100952936	12883476	6067820	79825676	84493040
1685541921.895475	fuzzbench11	193662092	103362968	31830116	6084552	58469008	82320720
1685541952.9542882	fuzzbench1	193662092	181841940	903240	5577528	10916912	4800620
1685541953.5539021	fuzzbench2	193662088	179777232	1361820	4160532	12523036	8151812
1685541959.9470284	fuzzbench3	193662088	177338220	1878264	7744044	14445604	7096572
1685541960.157095	webster	394858320	143909832	76831528	4021828	174116960	244298792
1685541960.923987	fuzzbench5	193662092	94585444	9993032	3418752	89083616	93945704
1685541961.3845787	wood	394857996	374564160	3292740	4965552	17001096	12693408
1685541961.9388132	fuzzbench7	193662092	118508592	41903328	3789744	33250172	69112508
1685541962.6636736	fuzzbench8	193662088	170069376	1614292	4063740	21978420	18078140
1685541966.7938457	fuzzbench9	193662092	171577432	2003572	12777136	20081088	7863768
1685541967.7015371	fuzzbench10	193662088	101050076	12751580	6067828	79860432	84395320
1685541968.262872	fuzzbench11	193662092	102932812	32228392	6084444	58500888	82751008
1685542275.1286943	fuzzbench1	193662092	179915376	4940736	5577532	8805980	6578884
1685542282.1911511	fuzzbench2	193662088	180103756	957700	4160580	12600632	7948176
1685542287.710446	fuzzbench3	193662088	177880668	1173724	7743664	14607696	6594732
1685542287.929741	webster	394858320	143886184	76815632	4021900	174156504	244322840
1685542288.980196	fuzzbench5	193662092	94981920	7577620	3418756	91102552	93819088
1685542289.3113015	wood	394857996	375204900	1724848	4965556	17928248	12060640
1685542289.8592613	fuzzbench7	193662092	124420964	34874540	3789936	34366588	63199496
1685542291.210014	fuzzbench8	193662088	170405540	1529296	4063728	21727252	17554244
1685542294.3003106	fuzzbench9	193662092	173014608	1202196	12775304	19445288	6212164
1685542294.824841	fuzzbench10	193662088	102594320	10773652	6067736	80294116	82851356
1685542295.3911674	fuzzbench11	193662092	103538012	31094132	6084580	59029948	82145696
1685542597.1136892	fuzzbench1	193662092	179809420	826608	5577524	13026064	6836148
1685542605.1380908	fuzzbench2	193662088	180507444	917528	4159604	12237116	7517996
1685542612.5769863	fuzzbench3	193662088	178100512	1623108	7743436	13938468	5769124
1685542612.7961826	webster	394858320	144631628	76019780	4021848	174206912	243577476
1685542613.6119506	fuzzbench5	193662092	95721624	10265632	3418752	87674836	92876052
1685542614.0215957	wood	394857996	375328024	1787876	4965540	17742096	11935520
1685542614.620555	fuzzbench7	193662092	126856356	29352500	3790804	37453236	60763752
1685542615.5481303	fuzzbench8	193662088	170655316	1403068	4063736	21603704	17485684
1685542621.079158	fuzzbench9	193662092	172273728	1070444	12775144	20317920	7072172
1685542622.7493045	fuzzbench10	193662088	101625144	11609208	6080340	80427736	84402500
1685542623.3190095	fuzzbench11	193662092	102765556	31535432	6084644	59361104	82918060
1685542925.02027	fuzzbench1	193662092	180424024	780348	5577528	12457720	6191024
1685542925.5708232	fuzzbench2	193662088	181025212	814008	4164300	11822868	7026956
1685542935.8278575	fuzzbench3	193662088	179062016	1282804	7743772	13317268	4890684
1685542936.0063343	webster	394858320	144764436	75634436	4021852	174459448	243444724
1685542937.1648588	fuzzbench5	193662092	95836872	11316256	3418752	86508964	92922980
1685542937.588475	wood	394857996	375351712	1657344	4965556	17848940	11907756
1685542938.1488154	fuzzbench7	193662092	124090908	38228824	3795960	31342360	63858552
1685542939.6517837	fuzzbench8	193662088	170693552	1568292	4063740	21400244	17454116
1685542942.2415073	fuzzbench9	193662092	172706288	1140464	12775152	19815340	6021592
1685542942.8884954	fuzzbench10	193662088	101678916	12366704	6080396	79616468	83774488
1685542943.4591765	fuzzbench11	193662092	103112740	31088252	6084552	59461100	82570956
1685543246.7901988	fuzzbench1	193662092	180826916	815220	5577464	12019956	5811092
1685543254.1672554	fuzzbench2	193662088	183089604	1196656	4164356	9375828	4966300
1685543261.7767932	fuzzbench3	193662088	179369604	1227468	7743820	13065016	4637944
1685543261.9932969	webster	394858320	147114088	73252724	4021896	174491508	241095160
1685543262.82963	fuzzbench5	193662092	96367980	9167720	3418772	88126392	92235196
1685543263.2088118	wood	394857996	376041480	1654076	4965476	17162440	11222004
1685543263.7590039	fuzzbench7	193662092	135157276	25770968	3801412	32733848	52786660
1685543264.9062262	fuzzbench8	193662088	171355764	1418212	4063744	20888112	16775992
1685543271.4061034	fuzzbench9	193662092	171355308	954180	12776344	21352604	7948368
1685543272.3800094	fuzzbench10	193662088	101175236	11514800	6080340	80972052	84905724
1685543272.9473388	fuzzbench11	193662092	103636788	30498188	6084560	59527116	82046912
1685543574.5198197	fuzzbench1	193662092	181071964	810364	5577452	11779764	5310484
1685543575.020927	fuzzbench2	193662088	181035076	1339640	4164380	11287372	7021052
1685543581.1410892	fuzzbench3	193662088	178890084	1692084	7743412	13079920	5573140
1685543581.353296	webster	394858320	144288744	75795280	4021852	174774296	243920036
1685543582.1199837	fuzzbench5	193662092	96682072	10983984	3418760	85996036	92080952
1685543582.517845	wood	394857996	377050704	1566352	4965488	16240940	10214416
1685543585.2324972	fuzzbench7	193662092	150744112	34331168	3817760	8586812	37077568
1685543587.8336346	fuzzbench8	193662088	170901104	1817880	4063732	20943104	17201700
1685543590.8655396	fuzzbench9	193662092	171117380	1089068	12775460	21455644	8244848
1685543591.4999216	fuzzbench10	193662088	101749420	11227640	6082336	80685028	83769384
1685543592.0586267	fuzzbench11	193662092	103690976	30332632	6084568	59638484	81992692
1685543893.6772273	fuzzbench1	193662092	181329544	789020	5577456	11543528	5267472
1685543894.1483057	fuzzbench2	193662088	177938876	3180100	4164036	12543112	9891960
1685543901.5449643	fuzzbench3	193662088	179359320	1042924	7743400	13259844	5100344
1685543901.7616317	webster	394858320	145529796	74450432	4021904	174878092	242678796
1685543902.6948748	fuzzbench5	193662092	96963612	11466904	3418768	85231576	91646620
1685543903.1245968	wood	394857996	377191076	1475056	4965444	16191864	10070280
1685543903.6802738	fuzzbench7	193662092	165609300	13755392	3818108	14297400	22166868
1685543905.2505016	fuzzbench8	193662088	171208344	1542348	4063732	20911396	16943504
1685543910.1711218	fuzzbench9	193662092	172266180	968108	12777384	20427804	7176648
1685543911.0060623	fuzzbench10	193662088	101467764	11857880	6082276	80336444	83980860
1685543911.5626442	fuzzbench11	193662092	104254372	29871196	6084580	59536524	81449772
1685544214.968627	fuzzbench1	193662092	181837600	2713880	5577452	9110612	4384496
1685544217.5365896	fuzzbench2	193662088	176985940	1096416	4164104	15579732	10407384
1685544224.025514	fuzzbench3	193662088	179491052	1184736	7743948	12986300	4818804
1685544224.247782	webster	394858320	146074632	73879872	4021852	174903816	242135524
1685544225.0725381	fuzzbench5	193662092	97017852	10098628	3418768	86545612	91662720
1685544225.4663665	wood	394857996	377470568	1454012	4965452	15933416	9792896
1685544226.0388815	fuzzbench7	193662092	166935136	14990056	3818084	11736900	20583700
1685544227.770535	fuzzbench8	193662088	171163368	1512240	4063732	20986480	16980188
1685544232.2082553	fuzzbench9	193662092	173087520	1194076	12778016	19380496	6282868
1685544233.410684	fuzzbench10	193662088	101814084	11567716	6082236	80280288	84125736
1685544233.9713323	fuzzbench11	193662092	104221680	30002920	6084648	59437492	81482376
1685544534.7866797	fuzzbench1	193662092	182795048	924072	5577460	9942972	3850100
1685544535.2546394	fuzzbench2	193662088	178304636	919644	4164136	14437808	9739740
1685544541.28477	fuzzbench3	193662088	180007100	1312288	7744228	12342700	3933424
1685544541.4975734	webster	394858320	144686556	74983344	4031540	175188420	243512844
1685544542.0214972	fuzzbench5	193662092	97067492	10989172	3418760	85605428	91186652
1685544542.4910636	wood	394857996	378085852	1435356	4965456	15336788	9176344
1685544543.1432624	fuzzbench7	193662092	128753600	50542820	3808064	14365672	59652276
1685544546.76936	fuzzbench8	193662088	173952072	1219608	4063744	18490408	13094144
1685544553.757621	fuzzbench9	193662092	175619464	1008780	12775968	17033848	3675648
1685544554.5502343	fuzzbench10	193662088	101168144	12526296	6082452	79967648	84726352
1685544555.106644	fuzzbench11	193662092	103973160	30144828	6084544	59544104	81730992
1685544858.9453218	fuzzbench1	193662092	182574920	759020	5577456	10328152	3986692
1685544859.5790887	fuzzbench2	193662088	178196460	1006464	4164436	14459164	9778556
1685544870.8070772	fuzzbench3	193662088	180266748	1129996	7743648	12265344	4207948
1685544871.0251534	webster	394858320	145315124	74309708	4031524	175233488	242884340
1685544871.748718	fuzzbench5	193662092	95732640	11044656	3418784	86884796	92516176
1685544872.2073803	wood	394857996	377273016	1786080	4965452	15798900	9983408
1685544872.6650321	fuzzbench7	193662092	118669316	58024668	3809012	16968108	69735212
1685544874.119073	fuzzbench8	193662088	171558760	2051996	4063732	20051332	16590180
1685544882.1376786	fuzzbench9	193662092	175140124	918440	12775908	17603528	4303916
1685544883.1373153	fuzzbench10	193662088	102442392	11850072	6111272	79369624	83653108
1685544883.7075884	fuzzbench11	193662092	104228260	29709108	6084672	59724724	81475808
1685545184.970132	fuzzbench1	193662092	180862956	837784	5578132	11961352	5779376
1685545189.3942537	fuzzbench2	193662088	178477916	1699132	4164568	13485040	9250312
1685545193.5830746	fuzzbench3	193662088	180285196	745336	7743408	12631556	4188244
1685545193.8017595	webster	394858320	144550192	74992200	4031548	175315928	243649168
1685545194.5071754	fuzzbench5	193662092	95895020	7533132	3418784	90233940	92769172
1685545194.907544	wood	394857996	377782812	1432400	4965440	15642784	9478468
1685545195.3766842	fuzzbench7	193662092	123079644	51331564	3809828	19250884	65324196
1685545196.3079412	fuzzbench8	193662088	170232504	2245224	4063732	21184360	17926216
1685545198.6983564	fuzzbench9	193662092	174979464	673736	12776212	18008892	4459584
1685545199.6442544	fuzzbench10	193662088	102870260	11596644	6111640	79195184	82548992
1685545200.2065759	fuzzbench11	193662092	104241168	29962588	6084568	59458336	81458816
1685545502.6920009	fuzzbench1	193662092	180832360	859404	5623112	11970328	5765408
1685545503.1970723	fuzzbench2	193662088	178613644	1743036	4164752	13305408	9442288
1685545511.1546113	fuzzbench3	193662088	180292960	745476	7744460	12623652	4179072
1685545511.378343	webster	394858320	145176724	74009376	4031544	175672220	243022964
1685545512.1934235	fuzzbench5	193662092	96100752	5991716	3418772	91569624	92567912
1685545512.8077295	wood	394857996	377887196	897984	4965440	16072816	9365672
1685545513.3061242	fuzzbench7	193662092	120399932	48750260	3808728	24511900	67775620
1685545515.216572	fuzzbench8	193662088	170178044	3448552	4063732	20035492	17971016
1685545522.117097	fuzzbench9	193662092	174798444	943864	12776220	17919784	4624984
1685545522.6711864	fuzzbench10	193662088	102242936	12268568	6110664	79150584	82960360
1685545523.2312403	fuzzbench11	193662092	104507848	29619712	6084780	59534532	81192008
1685545830.977623	fuzzbench1	193662092	183223352	750952	5623100	9687788	3374624
1685545840.5769904	fuzzbench2	193662088	180224008	933388	4164904	12504692	6919980
1685545848.6194568	fuzzbench3	193662088	180147828	813348	7744404	12700912	4311388
1685545848.7883654	webster	394858320	145923864	73202768	4031536	175731688	242275328
1685545850.2629814	fuzzbench5	193662092	95923504	3791348	3418784	93947240	91467568
1685545850.7190452	wood	394857996	378514740	1193920	4965432	15149336	8740352
1685545851.18698	fuzzbench7	193662092	129020944	38293028	3809300	26348120	59153944
1685545852.4144702	fuzzbench8	193662088	170038220	1996048	4063728	21627820	18113628
1685545860.3417885	fuzzbench9	193662092	174995512	753616	12776212	17912964	4431456
1685545860.9969656	fuzzbench10	193662088	102248012	12232384	6110784	79181692	83142184
1685545861.5551012	fuzzbench11	193662092	104855692	29305476	6084664	59500924	80848368
1685546164.2294683	fuzzbench1	193662092	182043208	763072	5623108	10855812	4551256
1685546173.3509326	fuzzbench2	193662088	179332720	4574600	4164932	9754768	8544752
1685546179.4711874	fuzzbench3	193662088	180159768	725928	7744252	12776392	4272124
1685546179.6436741	webster	394858320	146105720	72983440	4031556	175769160	242093488
1685546180.5336194	fuzzbench5	193662092	96599216	7349644	3418784	89713232	92093884
1685546180.9673371	wood	394857996	379023824	1481588	4965436	14352584	8232484
1685546181.477056	fuzzbench7	193662092	149077052	16748284	3812532	27836756	39094656
1685546182.5432768	fuzzbench8	193662088	170281396	1850336	4063740	21530356	17863636
1685546189.8885694	fuzzbench9	193662092	177011340	820912	12776212	15829840	2414720
1685546190.3692343	fuzzbench10	193662088	102281032	12166952	6110408	79214104	82855804
1685546190.9307332	fuzzbench11	193662092	104060596	30113956	6084648	59487540	81643460
1685546492.1550453	fuzzbench1	193662092	182069120	722496	5623132	10870476	4529876
1685546492.6361663	fuzzbench2	193662088	178997744	1567968	4164992	13096376	8938732
1685546499.0001528	fuzzbench3	193662088	180184556	762680	7786468	12714852	4245952
1685546499.2134447	webster	394858320	145045880	73791156	4031556	176021284	243153512
1685546499.98086	fuzzbench5	193662092	96761580	7374492	3418788	89526020	92042508
1685546500.461925	wood	394857996	379476308	1371960	4965444	14009728	7776460
1685546500.9428391	fuzzbench7	193662092	131458096	34266104	3813380	27937892	56520292
1685546502.5733552	fuzzbench8	193662088	170365516	1994596	4063752	21301976	17770588
1685546510.3660362	fuzzbench9	193662092	175900764	814948	12776356	16946380	3385476
1685546510.8533463	fuzzbench10	193662088	102463008	11740776	6110436	79458304	82675144
1685546511.4153554	fuzzbench11	193662092	104679856	29321720	6084864	59660516	81023468
1685546814.3255413	fuzzbench1	193662092	180466904	2134616	5622996	11060572	6119080
1685546816.6263473	fuzzbench2	193662088	180372604	1135036	4165112	12154448	7344528
1685546821.9961286	fuzzbench3	193662088	180558388	808612	7786400	12295088	3869364
1685546822.215653	webster	394858320	146074464	72697848	4031548	176086008	242125012
1685546823.0852933	fuzzbench5	193662092	96819272	5770932	3418792	91071888	91805488
1685546823.5412061	wood	394857996	380019940	1410272	4965936	13427784	7233464
1685546824.0214264	fuzzbench7	193662092	129847184	34613140	3813880	29201768	58130796
1685546825.726408	fuzzbench8	193662088	170556520	2209668	4063756	20895900	17597572
1685546827.6915195	fuzzbench9	193662092	173698900	1150700	12777612	18812492	5665172
1685546828.1722744	fuzzbench10	193662088	102623064	11495668	6110420	79543356	82408572
1685546828.7385736	fuzzbench11	193662092	105249256	28733544	6084768	59679292	80454648
1685547130.44997	fuzzbench1	193662092	181588812	773688	5630580	11299592	4989532
1685547138.5796316	fuzzbench2	193662088	185676036	810732	4165112	7175320	2381104
1685547147.7563467	fuzzbench3	193662088	180680684	756424	7786732	12224980	3743732
1685547147.9738185	webster	394858320	145166592	73551624	4032032	176140104	243032368
1685547148.8100948	fuzzbench5	193662092	96223624	6930112	3418788	90508356	92235652
1685547149.3310513	wood	394857996	380974432	1308944	4965828	12574620	6278252
1685547150.0088675	fuzzbench7	193662092	140697532	34359192	3813928	18605368	46851296
1685547151.853066	fuzzbench8	193662088	170529228	2039664	4063748	21093196	17435820
1685547156.2139246	fuzzbench9	193662092	174791596	1365036	12777924	17505460	4613672
1685547156.819691	fuzzbench10	193662088	103532012	10468612	6110768	79661464	81736576
1685547157.3870006	fuzzbench11	193662092	104858572	29503052	6084968	59300468	80783708
1685547458.945464	fuzzbench1	193662092	180183572	908036	5628712	12570484	6319340
1685547459.5921693	fuzzbench2	193662088	180639544	846348	4165176	12176196	7416340
1685547466.360992	fuzzbench3	193662088	181084440	762092	7786596	11815556	3337732
1685547466.5805018	webster	394858320	145696952	72725436	4032044	176435932	242501692
1685547467.3138292	fuzzbench5	193662092	96994248	6716156	3418788	89951688	91323640
1685547467.7870216	wood	394857996	380689940	1013016	4965812	13155040	6562368
1685547468.2523947	fuzzbench7	193662092	135521220	37070748	3814176	21070124	52026488
1685547469.574348	fuzzbench8	193662088	170692520	1832884	4063748	21136684	17465912
1685547473.4499373	fuzzbench9	193662092	173868976	1678600	12777788	18114516	5571780
1685547474.0513372	fuzzbench10	193662088	102610916	11625104	6110340	79426068	82460600
1685547474.623145	fuzzbench11	193662092	105477332	29036756	6085016	59148004	80218184
1685547780.5064716	fuzzbench1	193662092	180526476	1153136	5628712	11982480	6039564
1685547787.700241	fuzzbench2	193662088	182502448	1265812	4165244	9893828	5487156
1685547796.9209435	fuzzbench3	193662088	181814912	671820	7786992	11175356	2612792
1685547797.132196	webster	394858320	146606100	71747384	4032028	176504836	241592888
1685547798.1388776	fuzzbench5	193662092	95657776	5408696	3418796	92595620	93075860
1685547798.6310065	wood	394857996	380155184	1471948	4967304	13230864	7097816
1685547799.1541824	fuzzbench7	193662092	133352072	37360756	3815092	22949264	54195712
1685547800.6699066	fuzzbench8	193662088	170899164	1917488	4063764	20845436	17235920
1685547808.2071583	fuzzbench9	193662092	175333296	837796	12777084	17491000	4105556
1685547809.0686882	fuzzbench10	193662088	103414976	11358428	6110476	78888684	81991580
1685547809.6354477	fuzzbench11	193662092	105842484	28979912	6085152	58839696	79861032
1685548112.9891102	fuzzbench1	193662092	182899960	743136	5628724	10018996	3692172
1685548113.5243232	fuzzbench2	193662088	181298124	1106360	4165308	11257604	6355340
1685548120.9604611	fuzzbench3	193662088	181703712	758288	7786752	11200088	2725880
1685548121.176151	webster	394858320	146717004	71371056	4032048	176770260	241481884
1685548122.0221837	fuzzbench5	193662092	95304120	3870212	3418784	94487760	92761376
1685548122.4808395	wood	394857996	380060032	1409200	4967344	13388764	7193044
1685548122.9529884	fuzzbench7	193662092	139915920	42957552	3815072	10788620	47711808
1685548127.3552802	fuzzbench8	193662088	170859920	1246304	4063756	21555864	17023856
1685548134.2059977	fuzzbench9	193662092	175493120	1096960	12777072	17072012	3426340
1685548134.8653839	fuzzbench10	193662088	103848332	11199452	6110644	78614304	81521324
1685548135.4309306	fuzzbench11	193662092	105463364	29221744	6085008	58976984	80240332
1685548437.0405436	fuzzbench1	193662092	182318436	844452	5628724	10499204	4176428
1685548437.5324605	fuzzbench2	193662088	181276096	886424	4165380	11499568	6779204
1685548445.1778717	fuzzbench3	193662088	182176924	860664	7786600	10624500	2255044
1685548445.3489482	webster	394858320	146071104	71969884	4032028	176817332	242127836
1685548446.0484216	fuzzbench5	193662092	95566376	4353128	3418792	93742588	91996324
1685548446.5094676	wood	394857996	380640416	1313616	4967340	12903964	6611144
1685548447.0126767	fuzzbench7	193662092	138292280	40636592	3815432	14733220	49073816
1685548448.4953175	fuzzbench8	193662088	170758252	2015880	4063756	20887956	17382712
1685548456.490933	fuzzbench9	193662092	175610544	1187392	12777088	16864156	3609500
1685548457.296692	fuzzbench10	193662088	102378936	12300880	6110400	78982272	83683792
1685548457.8585992	fuzzbench11	193662092	105966356	28602708	6084868	59093028	79737500
1685548759.245765	fuzzbench1	193662092	176736568	1243804	5625308	15681720	9259532
1685548766.7027533	fuzzbench2	193662088	181019996	826668	4165432	11815424	7035792
1685548776.1203074	fuzzbench3	193662088	182370028	823696	7787412	10468364	2056964
1685548776.3398013	webster	394858320	146211736	71814908	4032044	176831676	241987136
1685548776.9078796	fuzzbench5	193662092	95979572	5578680	3418800	92103840	92776036
1685548777.4218102	wood	394857996	380754604	1320964	4967356	12782428	6496836
1685548777.9402304	fuzzbench7	193662092	126843264	49058788	3816252	17760040	60503476
1685548778.6597126	fuzzbench8	193662088	170977672	1764560	4063772	20919856	17180920
1685548785.379958	fuzzbench9	193662092	176315944	754444	12777072	16591704	3127224
1685548786.3648381	fuzzbench10	193662088	102438752	12076092	6110728	79147244	83620108
1685548786.9348862	fuzzbench11	193662092	105446064	28972588	6084932	59243440	80257708
1685549088.046166	fuzzbench1	193662092	178140516	842128	5625336	14679448	8455896
1685549088.708789	fuzzbench2	193662088	183092232	745888	4165592	9823968	4951124
1685549095.4515655	fuzzbench3	193662088	178677672	1916300	7786048	13068116	5706344
1685549095.6240244	webster	394858320	146054748	71700052	4036252	177103520	242139972
1685549096.4661186	fuzzbench5	193662092	96420744	6393184	3418788	90848164	92273256
1685549097.0338197	wood	394857996	381425572	886096	4967336	12546328	5806356
1685549097.4929688	fuzzbench7	193662092	130767540	38773248	3816284	24121304	56579580
1685549098.792786	fuzzbench8	193662088	171269840	4396492	4063764	17995756	16879888
1685549109.267847	fuzzbench9	193662092	175612272	905976	12777084	17143844	3789120
1685549109.7489893	fuzzbench10	193662088	102937516	10577092	6110412	80147480	82432272
1685549110.3148916	fuzzbench11	193662092	105969576	28686348	6084820	59006168	79701512
1685549414.2547336	fuzzbench1	193662092	176839584	1003068	5625332	15819440	9754944
1685549423.7326376	fuzzbench2	193662088	181888764	1666604	4165696	10106720	6145192
1685549428.9302342	fuzzbench3	193662088	179514968	871252	7785644	13275868	4912088
1685549429.1410847	webster	394858320	146723960	70954212	4036172	177180148	241470884
1685549430.088062	fuzzbench5	193662092	97051128	6586968	3418812	90023996	90714680
1685549430.5539765	wood	394857996	376265316	1753192	4965812	16839488	10995836
1685549431.064737	fuzzbench7	193662092	133435300	34635372	3816300	25591420	53910936
1685549432.1361783	fuzzbench8	193662088	171784864	1915280	4063776	19961944	16370860
1685549439.494864	fuzzbench9	193662092	175258316	1261068	12777120	17142708	4176988
1685549440.396504	fuzzbench10	193662088	102596244	11302608	6110984	79763236	82333420
1685549440.9586678	fuzzbench11	193662092	105720164	28537948	6084856	59403980	79938684
1685549742.3320925	fuzzbench1	193662092	176626740	895472	5625332	16139880	9970308
1685549750.419524	fuzzbench2	193662088	183858396	1198448	4165716	8605244	3579404
1685549756.5756278	fuzzbench3	193662088	178672800	742024	7786780	14247264	5753264
1685549756.8000166	webster	394858320	146597580	71015744	4036176	177244996	241597244
1685549757.5690794	fuzzbench5	193662092	97546332	6737588	3418816	89378172	91167232
1685549757.978903	wood	394857996	376724188	1905968	4965816	16227840	10541156
1685549758.480855	fuzzbench7	193662092	137549748	29409800	3816304	26702544	49796264
1685549759.7610862	fuzzbench8	193662088	171955044	1978168	4063768	19728876	16177100
1685549766.917849	fuzzbench9	193662092	175548912	1062556	12777124	17050624	3175884
1685549767.6282115	fuzzbench10	193662088	102572740	11445768	6110464	79643580	82129448
1685549768.1914783	fuzzbench11	193662092	105426516	29053164	6084836	59182412	80277344
1685550070.1489263	fuzzbench1	193662092	179811288	976224	5625328	12874580	6777720
1685550088.8170252	fuzzbench2	193662088	187272892	694672	4165800	5694524	779096
1685550093.7618406	fuzzbench3	193662088	178915184	903976	7786108	13842928	5162984
1685550093.9771523	webster	394858320	146707160	70617112	4036172	177534048	241487696
1685550094.7603524	fuzzbench5	193662092	97585676	7361344	3418820	88715072	90905424
1685550095.196955	wood	394857996	377440084	1783520	4966024	15634392	9813828
1685550095.6773994	fuzzbench7	193662092	125510792	56358820	3816328	11792480	62864448
1685550096.3240921	fuzzbench8	193662088	172158108	1559024	4063764	19944956	15880456
1685550102.3563101	fuzzbench9	193662092	175966812	1179048	12779624	16516232	2816308
1685550103.4045694	fuzzbench10	193662088	102960708	10256272	6110628	80445108	82297408
1685550103.9670749	fuzzbench11	193662092	105630668	28746352	6085024	59285072	80072992
1685550413.047036	fuzzbench1	193662092	184155972	959544	5625332	8546576	2439624
1685550424.112102	fuzzbench2	193662088	184211328	689996	4165836	8760764	3789756
1685550431.393636	fuzzbench3	193662088	179196036	780580	7785820	13685472	5195520
1685550431.6079106	webster	394858320	147576232	69657728	4036164	177624360	240618496
1685550432.7426426	fuzzbench5	193662092	96476012	4952856	3418884	92233224	92216176
1685550433.1913	wood	394857996	378758720	1783328	4966028	14315948	8501000
1685550433.6607716	fuzzbench7	193662092	137648904	41343984	3816340	14669204	50726328
1685550434.9072673	fuzzbench8	193662088	172317020	1241008	4063772	20104060	15543588
1685550441.2338793	fuzzbench9	193662092	176142800	806648	12777584	16712644	3287560
1685550441.835943	fuzzbench10	193662088	103193192	10272484	6110612	80196412	82191632
1685550442.4068637	fuzzbench11	193662092	105757872	28295064	6084804	59609156	79945956
1685550743.7018862	fuzzbench1	193662092	179045232	920492	5625332	13696368	7512888
1685550813.9922795	fuzzbench2	193662088	176188136	4805124	4165880	12668828	11863680
1685550820.1870039	fuzzbench3	193662088	179818420	911352	7786504	12932316	4610668
1685550820.3611474	webster	394858320	147167632	69776084	4036180	177914604	241026936
1685550821.067062	fuzzbench5	193662092	96735860	6486764	3418872	90439468	91854480
1685550821.5669937	wood	394857996	379500248	1487640	4966012	13870108	7754652
1685550822.1000047	fuzzbench7	193662092	138436400	45480912	3816356	9744780	49968268
1685550825.5912712	fuzzbench8	193662088	174317268	1479476	4063788	17865344	12864464
1685550835.7088642	fuzzbench9	193662092	176248796	794588	12779908	16618708	3137648
1685550836.9926684	fuzzbench10	193662088	105509128	8158244	6110516	79994716	79889484
1685550837.560103	fuzzbench11	193662092	105470008	28559144	6085792	59632940	80228820
1685551138.4824026	fuzzbench1	193662092	177538424	801264	5625332	15322404	9028528
1685551138.9575667	fuzzbench2	193662088	173636500	1424696	4164336	18600892	14312844
1685551142.3644783	fuzzbench3	193662088	180322280	1050288	7785984	12289520	4111576
1685551142.5771577	webster	394858320	147129572	69767956	4036192	177960792	241065244
1685551143.3045633	fuzzbench5	193662092	97534480	6944148	3418872	89183464	91172912
1685551143.7646267	wood	394857996	380009896	1385368	4966024	13462732	7241312
1685551144.2767255	fuzzbench7	193662092	133018876	46641076	3816364	14002140	55385880
1685551145.2792156	fuzzbench8	193662088	173032292	1664132	4063780	18965664	15112980
1685551157.6053584	fuzzbench9	193662092	176681044	934944	12777896	16046104	2755212
1685551158.72226	fuzzbench10	193662088	105120104	8874000	6110472	79667984	80299620
1685551159.2879376	fuzzbench11	193662092	105486484	28450836	6085808	59724772	80212280
1685551461.277434	fuzzbench1	193662092	177614120	928308	5625360	15119664	8969808
1685551461.8485928	fuzzbench2	193662088	173944404	1337864	4164580	18379820	14078664
1685551469.102058	fuzzbench3	193662088	181594496	718640	7785856	11348952	2817416
1685551469.274509	webster	394858320	147020432	69824804	4036164	178013084	241174400
1685551470.0715525	fuzzbench5	193662092	97622272	7004496	3418876	89035324	91157448
1685551470.5890558	wood	394857996	380203476	1670352	4966036	12984168	7054588
1685551471.04878	fuzzbench7	193662092	145974124	31017132	3816744	16670836	42429820
1685551471.9613225	fuzzbench8	193662088	172673696	1680484	4063776	19307908	15243844
1685551480.3643942	fuzzbench9	193662092	177107600	732572	12777896	15821920	2331508
1685551481.0189707	fuzzbench10	193662088	104580136	9172056	6118736	79909896	80475876
1685551481.5876992	fuzzbench11	193662092	105765468	27912792	6085836	59983832	79933320
1685551782.4818742	fuzzbench1	193662092	177547852	1034400	5625368	15079840	8995524
1685551782.9539926	fuzzbench2	193662088	174820408	1530524	4164700	17311156	13165372
1685551789.4320333	fuzzbench3	193662088	181255508	765524	7789696	11641056	3137800
1685551789.6536417	webster	394858320	147212608	69318860	4090532	178326852	240927876
1685551790.4071186	fuzzbench5	193662092	97780192	6989476	3418916	88892424	90318084
1685551790.9182916	wood	394857996	381015504	2148940	4966036	11693552	6230280
1685551791.384793	fuzzbench7	193662092	139095500	32369892	3816752	22196700	49308912
1685551793.447315	fuzzbench8	193662088	172881476	4003876	4063792	16776736	14993332
1685551805.562621	fuzzbench9	193662092	177318964	707568	12777908	15635560	2108108
1685551806.542646	fuzzbench10	193662088	103663164	11870884	6121864	78128040	81675788
1685551807.1067133	fuzzbench11	193662092	106170788	27492536	6085940	59998768	79532036
1685552109.4839306	fuzzbench1	193662092	177533040	1217952	5625364	14911100	8411980
1685552109.9601483	fuzzbench2	193662088	174204340	1635808	4164736	17821940	13737880
1685552113.015483	fuzzbench3	193662088	179981100	790812	7789020	12890176	4446220
1685552113.2325118	webster	394858320	146824072	69762320	4090516	178271928	241316332
1685552113.9914954	fuzzbench5	193662092	97820236	5052948	3418908	90788908	90037872
1685552114.5223732	wood	394857996	381825876	1461204	4966012	11570916	5422864
1685552115.005338	fuzzbench7	193662092	145468816	24545264	3819672	23648012	42932200
1685552116.26327	fuzzbench8	193662088	171025032	1401856	4063140	21235200	17056544
1685552144.674513	fuzzbench9	193662092	176741988	1140056	12777928	15780048	2620672
1685552146.154815	fuzzbench10	193662088	103763192	11577492	6121848	78321404	81575120
1685552146.7269738	fuzzbench11	193662092	105997256	27777700	6086204	59887136	79705252
1685552448.0666714	fuzzbench1	193662092	178751240	871184	5625368	14039668	7719656
1685552448.570879	fuzzbench2	193662088	174543220	988212	4164884	18130656	13504784
1685552455.9411972	fuzzbench3	193662088	180770852	813048	7789328	12078188	3653644
1685552456.1568453	webster	394858320	147531388	68989992	4090544	178336940	240609060
1685552456.9415157	fuzzbench5	193662092	98260496	6104240	3418916	89297356	90323380
1685552457.4987335	wood	394857996	382734776	1324000	4966012	10799220	4513688
1685552458.0061712	fuzzbench7	193662092	136773600	31855172	3820356	25033320	51626804
1685552459.6621962	fuzzbench8	193662088	171108588	1696656	4063252	20856844	16571512
1685552465.6842597	fuzzbench9	193662092	177075184	883900	12777908	15703008	2327992
1685552467.4166987	fuzzbench10	193662088	104591136	10963380	6121844	78107572	80739080
1685552467.982865	fuzzbench11	193662092	105642380	28202412	6085996	59817300	80052152
1685552770.0839632	fuzzbench1	193662092	179738844	1449936	5625368	12473312	6857912
1685552770.5578196	fuzzbench2	193662088	175556824	3053880	4165428	15051384	12264828
1685552777.8745534	fuzzbench3	193662088	180488488	1299268	7789176	11874332	3456448
1685552778.0893867	webster	394858320	147192060	69012436	4090564	178653824	240948124
1685552778.7493243	fuzzbench5	193662092	98120536	6133160	3418916	89408396	90365608
1685552779.8115644	wood	394857996	382637376	870276	4965936	11350344	4611832
1685552780.2859728	fuzzbench7	193662092	147728348	32367496	3820384	13566248	39733300
1685552782.3533423	fuzzbench8	193662088	171145716	2301732	4063244	20214640	17010820
1685552788.9309294	fuzzbench9	193662092	176335916	1027556	12777912	16298620	3105108
1685552789.55611	fuzzbench10	193662088	106082972	9981204	6121840	77597912	78997232
1685552790.107473	fuzzbench11	193662092	106009612	27715532	6086024	59936948	79693120
1685553092.2913935	fuzzbench1	193662092	179815892	1699840	5625364	12146360	6773696
1685553095.7011058	fuzzbench2	193662088	177312808	2159780	4165488	14189500	10032712
1685553100.3016956	fuzzbench3	193662088	181623556	785536	7788944	11252996	2792140
1685553100.5174828	webster	394858320	148136772	68077220	4090556	178644328	240003100
1685553101.614941	fuzzbench5	193662092	98346952	4182164	3418924	91132976	90403164
1685553101.9667165	wood	394857996	373320876	1304456	4964536	20232664	13942764
1685553102.4328759	fuzzbench7	193662092	156670624	20647620	3830496	16343848	30781188
1685553103.9819732	fuzzbench8	193662088	171146480	1651272	4063244	20864336	16755924
1685553106.1416292	fuzzbench9	193662092	176636300	1233408	12777948	15792384	2728256
1685553106.7603614	fuzzbench10	193662088	107113848	8911052	6122028	77637188	78246560
1685553107.3191395	fuzzbench11	193662092	106190904	27303672	6086032	60167516	79503644
1685553409.4331713	fuzzbench1	193662092	180237300	799500	5625368	12625292	6360336
1685553409.9474669	fuzzbench2	193662088	176260124	905024	4166804	16496940	11789948
1685553417.316686	fuzzbench3	193662088	181130348	817704	7788984	11714036	3282732
1685553417.5293326	webster	394858320	147823976	68310476	4090560	178723868	240316368
1685553418.3338728	fuzzbench5	193662092	98625092	6925840	3418948	88111160	90143756
1685553418.6959672	wood	394857996	373727940	1774008	4964532	19356048	13539372
1685553441.3371394	fuzzbench7	193662092	141520920	45718224	3833468	6422948	46863400
1685553443.2752912	fuzzbench8	193662088	171302976	1367900	4063256	20991212	16492916
1685553466.7145326	fuzzbench9	193662092	177200524	2480912	12777920	13980656	2249372
1685553467.656723	fuzzbench10	193662088	105680492	9831284	6124876	78150312	79629484
1685553468.2233987	fuzzbench11	193662092	105768184	27624760	6086292	60269148	79926068
